name,main_category,sub_category,image,link,ratings,no_of_ratings,discount_price,actual_price,discount_amount,discount_percent,tonnage,energy_star,brand
Voltas 3Ph Scroll SAC C2-NVenture I-Cassette AC (4 Ton White),appliances,Air Conditioners,https://m.media-amazon.com/images/I/31lyjrJOXsL._AC_UL320_.jpg,https://www.amazon.in/Voltas-Scroll-SAC-C2-NVenture-I-Cassette/dp/B00LWRR3LE/ref=sr_1_464?qid=1679134262&s=kitchen&sr=1-464,5.0,2.0,128800.0,149000.0,20200.0,13.557046979865772,4.0,,Voltas
Voltas Venture i Cassette 3Ph Scroll SAC(C2-N) (3 Ton),appliances,Air Conditioners,https://m.media-amazon.com/images/W/IMAGERENDERING_521856-T2/images/I/31T3b2PPw4L._AC_UL320_.jpg,https://www.amazon.in/Voltas-3-0T-Venturei-Casst-3PhScroll-SAC-Voltas-Venture-i-Cassette-3Ph-Scroll-SAC-C2-N-Ton/dp/B00LWRR2OW/ref=sr_1_428?qid=1679134259&s=kitchen&sr=1-428,4.0,18.0,102800.0,120490.0,17690.0,14.681716325006224,3.0,,Voltas
Voltas Venture Slimline Tower AC (3 Ton White),appliances,Air Conditioners,https://m.media-amazon.com/images/I/31jhpl4GmPL._AC_UL320_.jpg,https://www.amazon.in/Voltas-Venture-Slimline-Tower-Ton/dp/B00LWRFNWK/ref=sr_1_392?qid=1679134258&s=kitchen&sr=1-392,3.2,5.0,99750.0,128900.0,29150.0,22.614429790535297,3.0,,Voltas
"Blue Star 2.0 Ton 3 Star Inverter Cassette SAC (Cool Only) ID324MATUR1 AC (Copper, Multiple)",appliances,Air Conditioners,https://m.media-amazon.com/images/I/41slFsUdXQL._AC_UL320_.jpg,https://www.amazon.in/Blue-Star-Inverter-Cassette-ID324MATUR1/dp/B0859ZJMGF/ref=sr_1_673?qid=1679134272&s=kitchen&sr=1-673,4.0,18.0,87800.0,109800.0,22000.0,20.036429872495447,2.0,3.0,Blue Star
"O General 2 Ton 5 Star Inverter Split AC (Copper Condenser, ASGG24CGTB-B, White)",appliances,Air Conditioners,https://m.media-amazon.com/images/I/61lTN0lYAgL._AC_UL320_.jpg,https://www.amazon.in/General-Inverter-Copper-Condenser-ASGG24CGTB-B/dp/B09MJ67S87/ref=sr_1_292?qid=1679134252&s=kitchen&sr=1-292,5.0,1.0,82260.0,85260.0,3000.0,3.5186488388458828,2.0,5.0,O General
OGENERAL Inverter Split AC (ASGG24CGTA),appliances,Air Conditioners,https://m.media-amazon.com/images/I/21WXORJgXxL._AC_UL320_.jpg,https://www.amazon.in/OGENERAL-Inverter-Mounted-Conditioners-ASGG24CGTA/dp/B07TZXFKLS/ref=sr_1_678?qid=1679134273&s=kitchen&sr=1-678,5.0,1.0,82260.0,85260.0,3000.0,3.5186488388458828,,,Ogeneral
"Mitsubishi Heavy Duty 2.2 Ton 3 Star Non Inverter Split AC (SRK25CSS, White)",appliances,Air Conditioners,https://m.media-amazon.com/images/I/21bQMJlkv5L._AC_UL320_.jpg,https://www.amazon.in/Mitsubishi-Heavy-Inverter-Split-SRK25CSS/dp/B07PZXD2CM/ref=sr_1_295?qid=1679134253&s=kitchen&sr=1-295,3.8,13.0,79350.0,83000.0,3650.0,4.397590361445783,2.2,3.0,Mitsubishi
MITSUBISHI HEAVY DUTY SRK25CSS-S6 2.2 Ton 3 Star Split Air Conditioner (White),appliances,Air Conditioners,https://m.media-amazon.com/images/W/IMAGERENDERING_521856-T1/images/I/41jWwo+sPtL._AC_UL320_.jpg,https://www.amazon.in/Mitsubishi-Heavy-SRK25CSS-S6-Split-Conditioner/dp/B07FDLHDMW/ref=sr_1_159?qid=1679134245&s=kitchen&sr=1-159,3.6,5.0,79350.0,83000.0,3650.0,4.397590361445783,2.2,3.0,Mitsubishi
Voltas Venture Slimline Tower AC (2 Ton White),appliances,Air Conditioners,https://m.media-amazon.com/images/W/IMAGERENDERING_521856-T1/images/I/31jhpl4GmPL._AC_UL320_.jpg,https://www.amazon.in/Voltas-Venture-Slimline-Tower-Ton/dp/B00LWRFMLW/ref=sr_1_236?qid=1679134249&s=kitchen&sr=1-236,3.7,14.0,77990.0,92990.0,15000.0,16.13076674911281,2.0,,Voltas
"Ogeneral 2 Ton 5 Star Split Inverter AC - White (ASGG24CGTB, Copper Condenser)",appliances,Air Conditioners,https://m.media-amazon.com/images/I/61lTN0lYAgL._AC_UL320_.jpg,https://www.amazon.in/Ogeneral-Ton-Star-Split-Inverter/dp/B08DM5GMYX/ref=sr_1_396?qid=1679134258&s=kitchen&sr=1-396,2.5,5.0,77890.0,85260.0,7370.0,8.644147314098053,2.0,5.0,Ogeneral
"O-General 2.0 Ton 5 Star Inverter Split Air Conditioner - White (ASGG24CETA-B, Copper Condenser)",appliances,Air Conditioners,https://m.media-amazon.com/images/W/IMAGERENDERING_521856-T1/images/I/61C4vZQ5jiL._AC_UL320_.jpg,https://www.amazon.in/General-Star-Inverter-Split-Conditioner/dp/B09GNL1CFV/ref=sr_1_221?qid=1679134249&s=kitchen&sr=1-221,3.2,7.0,77490.0,89470.0,11980.0,13.389963116128312,2.0,5.0,O-General
"Voltas 241 CZMM 2 TON Slimline AC, R-32",appliances,Air Conditioners,https://m.media-amazon.com/images/I/21bdLxbkqXL._AC_UL320_.jpg,https://www.amazon.in/Voltas-241-CZMM-Slimline-R-32/dp/B09F9QVDYD/ref=sr_1_652?qid=1679134271&s=kitchen&sr=1-652,4.0,18.0,76890.0,92990.0,16100.0,17.31368964404775,2.0,,Voltas
Ogeneral 2 Ton 3 Star Split AC (ASGA24FUTC),appliances,Air Conditioners,https://m.media-amazon.com/images/W/IMAGERENDERING_521856-T2/images/I/51owdwuW8zL._AC_UL320_.jpg,https://www.amazon.in/Ogeneral-2T-3-Star-ASGA24FUTC/dp/B07RKWG4PG/ref=sr_1_419?qid=1679134259&s=kitchen&sr=1-419,4.2,3.0,75900.0,77900.0,2000.0,2.5673940949935816,2.0,3.0,Ogeneral
Voltas 1 Ph Rot. SAC C2-N Venture I-Cassette AC (2 Ton White),appliances,Air Conditioners,https://m.media-amazon.com/images/I/31uXFF2wVNL._AC_UL320_.jpg,https://www.amazon.in/Voltas-Ph-Rot-SAC-C2-N/dp/B00LWRR1Q6/ref=sr_1_309?qid=1679134253&s=kitchen&sr=1-309,3.4,3.0,74890.0,98100.0,23210.0,23.65953109072375,2.0,,Voltas
"O-General 2 Ton 2 Star Split AC (ASGA24FUTC, White)",appliances,Air Conditioners,https://m.media-amazon.com/images/I/11xnszLt6mL._AC_UL320_.jpg,https://www.amazon.in/General-Star-Split-ASGA24FUTC-White/dp/B07PMZF53Q/ref=sr_1_685?qid=1679134273&s=kitchen&sr=1-685,1.0,1.0,71990.0,77900.0,5910.0,7.586649550706033,2.0,2.0,O-General
