Topic,Finding
Price level,Median selling price is Rs 34990 (average Rs 34483). Prices range from Rs 16999 to Rs 49804.
Discounts,Verified discounts exist for 25 listings: average 40.3%.
Brand pricing,Blue Star is the priciest brand on average (Rs 38694); Cruise is the cheapest (Rs 28140).
Brand presence,Blue Star has the most listings (4 of 32).
Tonnage,1.5 ton is the most common capacity (53% of listings).
Price vs tonnage,Correlation r = 0.74: bigger capacity generally costs more.
Energy rating,3-star models are the most common (72% of listings).
Star premium,5-star models average Rs 43494 vs Rs 32798 for 3-star.
Price vs rating,Correlation r = 0.33: a higher price tends to go with better ratings.
Technology,97% of listings are inverter ACs and 22% mention Wi-Fi.
Wi-Fi premium,Wi-Fi models average Rs 37573 vs Rs 33741 without Wi-Fi.
Cheapest per ton,Acerpure 1.5 ton gives the lowest price per ton: Rs 18327.
