name,main_category,sub_category,image,link,ratings,no_of_ratings,discount_price,actual_price
"Helium Smart Choice Air Smart Inverter Split AC |0.8 Ton, 3 star|New star rated|Lowest bill @ under ₹30/day|2700 W Cooling Capacity|App Controlled|AI Energy Saving | Gas Leakage Detection| 100% Copper",appliances,Air Conditioners,https://m.media-amazon.com/images/I/51diNudbdOL._AC_UY218_.jpg,https://www.amazon.in/Helium-Inverter-Capacity-Controlled-Detection/dp/B0GZVYF7N5/ref=sr_1_1?dib=eyJ2IjoiMSJ9.OmIgqVixkZJjiX1e6hZUBRCtLZU5QtISvyENQUTpOKQeNaMc3tm6T5kfJChoWr2m8g3RJXt8ZF5CZmI4EGkF13eiU-uzks-eAMNgERAN3ZJuCVsk5IhzCTyf9bU-ow3iCsBPv3mbBZ04LQ46zjW5CGP3ZWGxootqmLM7SBjN0kz9UREazsjqEr0sx2I5HKJCU0r5gkFR7MRjfdkGbEwv2Ch4vS4SvCp_NlzTVsv4f6Q.huDutfxdtTnmvjv_aINdb4ZdMBgkFs9pe2m4ooiv6x4&dib_tag=se&keywords=air+conditioner&qid=1790915432&sr=8-1,3.3,212.0,22990.0,40100.0
"IFB 0.95 Ton 3 Star 2026 AI Powered Inverter Split Air Conditioner with Hybrid Mode, 8-in-1 Flexi Mode, Heavy Duty Compressor, Long Air Throw, Self Clean, Copper Condenser (CI133SL11RGM3,White)",appliances,Air Conditioners,https://m.media-amazon.com/images/I/51M-MqPqBrL._AC_UY218_.jpg,https://www.amazon.in/IFB-Conditioner-Compressor-Condenser-CI133SL11RGM3/dp/B0GSJV6XTF/ref=sr_1_2?dib=eyJ2IjoiMSJ9.OmIgqVixkZJjiX1e6hZUBRCtLZU5QtISvyENQUTpOKQeNaMc3tm6T5kfJChoWr2m8g3RJXt8ZF5CZmI4EGkF13eiU-uzks-eAMNgERAN3ZJuCVsk5IhzCTyf9bU-ow3iCsBPv3mbBZ04LQ46zjW5CGP3ZWGxootqmLM7SBjN0kz9UREazsjqEr0sx2I5HKJCU0r5gkFR7MRjfdkGbEwv2Ch4vS4SvCp_NlzTVsv4f6Q.huDutfxdtTnmvjv_aINdb4ZdMBgkFs9pe2m4ooiv6x4&dib_tag=se&keywords=air+conditioner&qid=1790915432&sr=8-2,4.4,200.0,30990.0,50990.0
"Blue Star 1.5 Ton 3 Star, New Star Rated, Inverter Split AC (Copper,4-Way Swing, DigiQ Hepta Sensor, Blue Fins,Turbo Cool, Comfort Sleep (IA317PXU, White))",appliances,Air Conditioners,https://m.media-amazon.com/images/I/61-yR4Rid4L._AC_UY218_.jpg,https://www.amazon.in/Blue-Star-Inverter-Comfort-IA317PXU/dp/B0H87QTXQC/ref=sr_1_3?dib=eyJ2IjoiMSJ9.OmIgqVixkZJjiX1e6hZUBRCtLZU5QtISvyENQUTpOKQeNaMc3tm6T5kfJChoWr2m8g3RJXt8ZF5CZmI4EGkF13eiU-uzks-eAMNgERAN3ZJuCVsk5IhzCTyf9bU-ow3iCsBPv3mbBZ04LQ46zjW5CGP3ZWGxootqmLM7SBjN0kz9UREazsjqEr0sx2I5HKJCU0r5gkFR7MRjfdkGbEwv2Ch4vS4SvCp_NlzTVsv4f6Q.huDutfxdtTnmvjv_aINdb4ZdMBgkFs9pe2m4ooiv6x4&dib_tag=se&keywords=air+conditioner&qid=1790915432&sr=8-3,4.9,12.0,34990.0,17495.0
"Acerpure Chill Neo 1.5 Ton 3 star, 5280W Max Cooling Capacity, Split AC (Copper, 4 Way Swing, 7 in1, Ice blast mode, Auto Clean, Dust Filter, Inverter, sleep_mode, AC5IPG61.5TN3W48W, White)",appliances,Air Conditioners,https://m.media-amazon.com/images/I/51j8RwfTT-L._AC_UY218_.jpg,https://www.amazon.in/Acerpure-Neo1-5-AC5IPG61-5TN3W48W-Convertible-Cooling/dp/B0GL2LWCVL/ref=sr_1_4?dib=eyJ2IjoiMSJ9.OmIgqVixkZJjiX1e6hZUBRCtLZU5QtISvyENQUTpOKQeNaMc3tm6T5kfJChoWr2m8g3RJXt8ZF5CZmI4EGkF13eiU-uzks-eAMNgERAN3ZJuCVsk5IhzCTyf9bU-ow3iCsBPv3mbBZ04LQ46zjW5CGP3ZWGxootqmLM7SBjN0kz9UREazsjqEr0sx2I5HKJCU0r5gkFR7MRjfdkGbEwv2Ch4vS4SvCp_NlzTVsv4f6Q.huDutfxdtTnmvjv_aINdb4ZdMBgkFs9pe2m4ooiv6x4&dib_tag=se&keywords=air+conditioner&qid=1790915432&sr=8-4,4.4,76.0,27490.0,13745.0
"Hitachi Smart Choice 1.5 Ton 3 Star, New Star rated, Inverter Split AC(Copper, Smart View Display, 4 Way Swing,RAS.D318PCD2BS1, White)",appliances,Air Conditioners,https://m.media-amazon.com/images/I/51q3Ja02z0L._AC_UY218_.jpg,https://www.amazon.in/Hitachi-Inverter-Copper-Display-RAS-D318PCD2BS1/dp/B0GP71KXP5/ref=sr_1_5?dib=eyJ2IjoiMSJ9.OmIgqVixkZJjiX1e6hZUBRCtLZU5QtISvyENQUTpOKQeNaMc3tm6T5kfJChoWr2m8g3RJXt8ZF5CZmI4EGkF13eiU-uzks-eAMNgERAN3ZJuCVsk5IhzCTyf9bU-ow3iCsBPv3mbBZ04LQ46zjW5CGP3ZWGxootqmLM7SBjN0kz9UREazsjqEr0sx2I5HKJCU0r5gkFR7MRjfdkGbEwv2Ch4vS4SvCp_NlzTVsv4f6Q.huDutfxdtTnmvjv_aINdb4ZdMBgkFs9pe2m4ooiv6x4&dib_tag=se&keywords=air+conditioner&qid=1790915432&sr=8-5,4.1,478.0,36500.0,63990.0
"Sharp 0.95 Ton 3 star, New Star Rated,Split AC (4 Way Swing, 100% copper, Hi-Tech Inverter Compressor, 7in1 Convertible, Turbo cool, Dust filter) - AH-SI12V3B-GCN, White",appliances,Air Conditioners,https://m.media-amazon.com/images/I/61NANabKaRL._AC_UY218_.jpg,https://www.amazon.in/copper-Hi-Tech-Inverter-Compressor-Convertible/dp/B0GRTMHWLD/ref=sr_1_6?dib=eyJ2IjoiMSJ9.OmIgqVixkZJjiX1e6hZUBRCtLZU5QtISvyENQUTpOKQeNaMc3tm6T5kfJChoWr2m8g3RJXt8ZF5CZmI4EGkF13eiU-uzks-eAMNgERAN3ZJuCVsk5IhzCTyf9bU-ow3iCsBPv3mbBZ04LQ46zjW5CGP3ZWGxootqmLM7SBjN0kz9UREazsjqEr0sx2I5HKJCU0r5gkFR7MRjfdkGbEwv2Ch4vS4SvCp_NlzTVsv4f6Q.huDutfxdtTnmvjv_aINdb4ZdMBgkFs9pe2m4ooiv6x4&dib_tag=se&keywords=air+conditioner&qid=1790915432&sr=8-6,4.0,133.0,24940.0,12470.0
"LG Essential Series, 0.8 Ton 2 Star, Smart Inverter Split AC (100% Copper Condenser, Convertible 6-in-1 Cooling, Faster Cooling & Energy Saving, HD Filter with AntiVirus Protection, AS-Q11KNVE, White)",appliances,Air Conditioners,https://m.media-amazon.com/images/I/613KFmUhyGL._AC_UY218_.jpg,https://www.amazon.in/LG-Essential-Convertible-Protection-AS-Q11KNVE/dp/B0GF1779H2/ref=sr_1_7?dib=eyJ2IjoiMSJ9.OmIgqVixkZJjiX1e6hZUBRCtLZU5QtISvyENQUTpOKQeNaMc3tm6T5kfJChoWr2m8g3RJXt8ZF5CZmI4EGkF13eiU-uzks-eAMNgERAN3ZJuCVsk5IhzCTyf9bU-ow3iCsBPv3mbBZ04LQ46zjW5CGP3ZWGxootqmLM7SBjN0kz9UREazsjqEr0sx2I5HKJCU0r5gkFR7MRjfdkGbEwv2Ch4vS4SvCp_NlzTVsv4f6Q.huDutfxdtTnmvjv_aINdb4ZdMBgkFs9pe2m4ooiv6x4&dib_tag=se&keywords=air+conditioner&qid=1790915432&sr=8-7,3.1,101.0,24990.0,48990.0
"Lloyd 1.5 Ton 3 Star Inverter Split AC, 2026 New Star Rated (6 in 1 Convertible, Cools Up To 54°C, Turbo Cool, Installation Check, Clean Filter Indication, 100% Copper, White (GLS18I3AGGSC)",appliances,Air Conditioners,https://m.media-amazon.com/images/I/41CxS1I+-ML._AC_UY218_.jpg,https://www.amazon.in/Lloyd-Convertible-Installation-Indication-GLS18I3AGGSC/dp/B0GJDVGS6P/ref=sr_1_8?dib=eyJ2IjoiMSJ9.OmIgqVixkZJjiX1e6hZUBRCtLZU5QtISvyENQUTpOKQeNaMc3tm6T5kfJChoWr2m8g3RJXt8ZF5CZmI4EGkF13eiU-uzks-eAMNgERAN3ZJuCVsk5IhzCTyf9bU-ow3iCsBPv3mbBZ04LQ46zjW5CGP3ZWGxootqmLM7SBjN0kz9UREazsjqEr0sx2I5HKJCU0r5gkFR7MRjfdkGbEwv2Ch4vS4SvCp_NlzTVsv4f6Q.huDutfxdtTnmvjv_aINdb4ZdMBgkFs9pe2m4ooiv6x4&dib_tag=se&keywords=air+conditioner&qid=1790915432&sr=8-8,3.7,308.0,34990.0,56990.0
"Samsung 1 Ton 3 Star,New Star rated Bespoke AI Inverter Smart Split AC (WiFi, Energy Saving, Voice Control, Powerful Cooling, Copper, Digital Inverter, 4 Way swing, white, AR50H12D1LHNNA)",appliances,Air Conditioners,https://m.media-amazon.com/images/I/61-kuokjN1L._AC_UY218_.jpg,https://www.amazon.in/Samsung-Bespoke-Inverter-Powerful-AR50H12D1LHNNA/dp/B0GHYMPNZ9/ref=sr_1_9?dib=eyJ2IjoiMSJ9.OmIgqVixkZJjiX1e6hZUBRCtLZU5QtISvyENQUTpOKQeNaMc3tm6T5kfJChoWr2m8g3RJXt8ZF5CZmI4EGkF13eiU-uzks-eAMNgERAN3ZJuCVsk5IhzCTyf9bU-ow3iCsBPv3mbBZ04LQ46zjW5CGP3ZWGxootqmLM7SBjN0kz9UREazsjqEr0sx2I5HKJCU0r5gkFR7MRjfdkGbEwv2Ch4vS4SvCp_NlzTVsv4f6Q.huDutfxdtTnmvjv_aINdb4ZdMBgkFs9pe2m4ooiv6x4&dib_tag=se&keywords=air+conditioner&qid=1790915432&sr=8-9,4.3,183.0,32490.0,67990.0
"LG 1.5 Ton 3 Star, Smart Inverter Split AC (100% Copper Condenser, AI Convertible 6-in-1, Faster Cooling & Energy Saving, Diet Mode+, HD Filter with Anti-Virus Protection,Him Clean, AS-Q18JNXE,White)",appliances,Air Conditioners,https://m.media-amazon.com/images/I/61amuOefPAL._AC_UY218_.jpg,https://www.amazon.in/LG-Convertible-Anti-Virus-Protection-AS-Q18JNXE/dp/B0GF1JFPV8/ref=sr_1_10?dib=eyJ2IjoiMSJ9.OmIgqVixkZJjiX1e6hZUBRCtLZU5QtISvyENQUTpOKQeNaMc3tm6T5kfJChoWr2m8g3RJXt8ZF5CZmI4EGkF13eiU-uzks-eAMNgERAN3ZJuCVsk5IhzCTyf9bU-ow3iCsBPv3mbBZ04LQ46zjW5CGP3ZWGxootqmLM7SBjN0kz9UREazsjqEr0sx2I5HKJCU0r5gkFR7MRjfdkGbEwv2Ch4vS4SvCp_NlzTVsv4f6Q.huDutfxdtTnmvjv_aINdb4ZdMBgkFs9pe2m4ooiv6x4&dib_tag=se&keywords=air+conditioner&qid=1790915432&sr=8-10,3.6,1400.0,35990.0,75190.0
Godrej 1.5 Ton 3 Star| New Star Rated| Inverter Split AC | 5-in-1 Convertible Cooling | 5 Year Comprehensive Warranty| AI Powered| Heavy Duty Cooling at 52°C| (AC 1.5T EC HIC 18Q3TH WA),appliances,Air Conditioners,https://m.media-amazon.com/images/I/51HhURIjjjL._AC_UY218_.jpg,https://www.amazon.in/Godrej-Comprehensive-1-5T-HIC-18Q3TH/dp/B0GMD5NPX6/ref=sr_1_11?dib=eyJ2IjoiMSJ9.OmIgqVixkZJjiX1e6hZUBRCtLZU5QtISvyENQUTpOKQeNaMc3tm6T5kfJChoWr2m8g3RJXt8ZF5CZmI4EGkF13eiU-uzks-eAMNgERAN3ZJuCVsk5IhzCTyf9bU-ow3iCsBPv3mbBZ04LQ46zjW5CGP3ZWGxootqmLM7SBjN0kz9UREazsjqEr0sx2I5HKJCU0r5gkFR7MRjfdkGbEwv2Ch4vS4SvCp_NlzTVsv4f6Q.huDutfxdtTnmvjv_aINdb4ZdMBgkFs9pe2m4ooiv6x4&dib_tag=se&keywords=air+conditioner&qid=1790915432&sr=8-11,3.3,178.0,31490.0,45300.0
"LG 1 Ton 4 Star, DUAL Inverter Split AC (100% Copper Condenser, AI Convertible 6-in-1, VIRAAT Mode, Faster Cooling & Energy Saving, 4 Way Swing, HD Filter with AntiVirus Protection,AS-Q13JNYE,White)",appliances,Air Conditioners,https://m.media-amazon.com/images/I/61lmotpGOgL._AC_UY218_.jpg,https://www.amazon.in/LG-Convertible-AntiVirus-Protection-AS-Q13JNYE/dp/B0GDZVGC9W/ref=sr_1_12?dib=eyJ2IjoiMSJ9.OmIgqVixkZJjiX1e6hZUBRCtLZU5QtISvyENQUTpOKQeNaMc3tm6T5kfJChoWr2m8g3RJXt8ZF5CZmI4EGkF13eiU-uzks-eAMNgERAN3ZJuCVsk5IhzCTyf9bU-ow3iCsBPv3mbBZ04LQ46zjW5CGP3ZWGxootqmLM7SBjN0kz9UREazsjqEr0sx2I5HKJCU0r5gkFR7MRjfdkGbEwv2Ch4vS4SvCp_NlzTVsv4f6Q.huDutfxdtTnmvjv_aINdb4ZdMBgkFs9pe2m4ooiv6x4&dib_tag=se&keywords=air+conditioner&qid=1790915432&sr=8-12,3.9,229.0,35990.0,68990.0
Oakter 0.5 Ton Inverter Studio AC 5000 (2026 Model) 3 Star | 6 Amp Plug | Low Power Consumption | 50°C Cooling | Surge Protection | Anti-Dust Filter | Ideal for 75 sq.ft Rooms,appliances,Air Conditioners,https://m.media-amazon.com/images/I/61BgP45hZCL._AC_UY218_.jpg,https://www.amazon.in/Inverter-Consumption-Cooling-Protection-Anti-Dust/dp/B0GZVLQ8VT/ref=sr_1_13?dib=eyJ2IjoiMSJ9.OmIgqVixkZJjiX1e6hZUBRCtLZU5QtISvyENQUTpOKQeNaMc3tm6T5kfJChoWr2m8g3RJXt8ZF5CZmI4EGkF13eiU-uzks-eAMNgERAN3ZJuCVsk5IhzCTyf9bU-ow3iCsBPv3mbBZ04LQ46zjW5CGP3ZWGxootqmLM7SBjN0kz9UREazsjqEr0sx2I5HKJCU0r5gkFR7MRjfdkGbEwv2Ch4vS4SvCp_NlzTVsv4f6Q.huDutfxdtTnmvjv_aINdb4ZdMBgkFs9pe2m4ooiv6x4&dib_tag=se&keywords=air+conditioner&qid=1790915432&sr=8-13,4.0,192.0,16999.0,27499.0
"Daikin 0.8 Ton 2 Star, New Star rated,Fixed Speed Split AC (Copper, PM2.5 Filter, FTQ28XV16, White)",appliances,Air Conditioners,https://m.media-amazon.com/images/I/61CcnggHEAL._AC_UY218_.jpg,https://www.amazon.in/Daikin-rated-Copper-Filter-FTQ28XV16/dp/B0GRV3JTW1/ref=sr_1_14?dib=eyJ2IjoiMSJ9.OmIgqVixkZJjiX1e6hZUBRCtLZU5QtISvyENQUTpOKQeNaMc3tm6T5kfJChoWr2m8g3RJXt8ZF5CZmI4EGkF13eiU-uzks-eAMNgERAN3ZJuCVsk5IhzCTyf9bU-ow3iCsBPv3mbBZ04LQ46zjW5CGP3ZWGxootqmLM7SBjN0kz9UREazsjqEr0sx2I5HKJCU0r5gkFR7MRjfdkGbEwv2Ch4vS4SvCp_NlzTVsv4f6Q.huDutfxdtTnmvjv_aINdb4ZdMBgkFs9pe2m4ooiv6x4&dib_tag=se&keywords=air+conditioner&qid=1790915432&sr=8-14,3.8,169.0,26490.0,36000.0
"Hitachi Smart Choice 1 Ton 5 Star, New Star rated, Inverter Split AC (Copper, Smart View Display, ice Clean, 4 Way Swing, Anti-Bacterial Filter,RAS.V512PCDIBT, White)",appliances,Air Conditioners,https://m.media-amazon.com/images/I/51ryyW4zORL._AC_UY218_.jpg,https://www.amazon.in/Hitachi-Inverter-Display-Anti-Bacterial-RAS-V512PCDIBT/dp/B0GP6S6S5F/ref=sr_1_15?dib=eyJ2IjoiMSJ9.OmIgqVixkZJjiX1e6hZUBRCtLZU5QtISvyENQUTpOKQeNaMc3tm6T5kfJChoWr2m8g3RJXt8ZF5CZmI4EGkF13eiU-uzks-eAMNgERAN3ZJuCVsk5IhzCTyf9bU-ow3iCsBPv3mbBZ04LQ46zjW5CGP3ZWGxootqmLM7SBjN0kz9UREazsjqEr0sx2I5HKJCU0r5gkFR7MRjfdkGbEwv2Ch4vS4SvCp_NlzTVsv4f6Q.huDutfxdtTnmvjv_aINdb4ZdMBgkFs9pe2m4ooiv6x4&dib_tag=se&keywords=air+conditioner&qid=1790915432&sr=8-15,4.1,169.0,36999.0,65990.0
"Cruise 1.5 Ton 3 Star VarioQool Inverter Split AC (New BEE, CWCVBM-VQ3D173)",appliances,Air Conditioners,https://m.media-amazon.com/images/I/71P2bXM979L._AC_UY218_.jpg,https://www.amazon.in/Cruise-Inverter-Split-Model-CWCVBM-VQ3D173/dp/B0GHFS8GMH/ref=sr_1_16?dib=eyJ2IjoiMSJ9.OmIgqVixkZJjiX1e6hZUBRCtLZU5QtISvyENQUTpOKQeNaMc3tm6T5kfJChoWr2m8g3RJXt8ZF5CZmI4EGkF13eiU-uzks-eAMNgERAN3ZJuCVsk5IhzCTyf9bU-ow3iCsBPv3mbBZ04LQ46zjW5CGP3ZWGxootqmLM7SBjN0kz9UREazsjqEr0sx2I5HKJCU0r5gkFR7MRjfdkGbEwv2Ch4vS4SvCp_NlzTVsv4f6Q.huDutfxdtTnmvjv_aINdb4ZdMBgkFs9pe2m4ooiv6x4&dib_tag=se&keywords=air+conditioner&qid=1790915432&sr=8-16,3.6,318.0,29290.0,47900.0
"Voltas 1.42 ton 3 star, New star rated, Inverter Split AC (Copper, Convertible 5-in-1 Cooling Mode, 2-Way Air Swing, Anti-dust Filter with Anti Microbial Coating, 183INV CAV, 2026 Model, White)",appliances,Air Conditioners,https://m.media-amazon.com/images/I/51TjEqdi+uL._AC_UY218_.jpg,https://www.amazon.in/Voltas-Convertible-Anti-dust-183INV-CAV/dp/B0GSZRBDND/ref=sr_1_17?dib=eyJ2IjoiMSJ9.lwmTmZr1dotYIcJAidchNlgodSO52_ktkvu-NuvrD23-3sABcVy79b3OdjI45D-666pzmItwOLt5O7QVdalN9wBiaOIHj1DBev9iE3Js-lbvvwudXajBSIjvQzFTy9ZkEJe4G8sxFPqB75HcckpsRwNm6HkE-flJqHNXxGuUuvfXhrjL3jsEuN0yjUMC4sQIPmqL8GhjiymbPw_n2Ruxv5CfDTpP5ogYeIZcC9xCEos.ssy7Cng9o1ow-qByw85zTNF9ajrOTi7jniJZRRn5DLQ&dib_tag=se&keywords=air+conditioner&qid=1790915453&sr=8-17,3.6,230.0,33666.0,60990.0
"Daikin 1.5 Ton 5 Star Inverter Split AC (Copper, PM2.5 Filter, MTKM50XV16, White)",appliances,Air Conditioners,https://m.media-amazon.com/images/I/61yGmCkeRxL._AC_UY218_.jpg,https://www.amazon.in/Daikin-Inverter-Copper-Filter-MTKM50XV16/dp/B0GPX7PT94/ref=sr_1_18?dib=eyJ2IjoiMSJ9.lwmTmZr1dotYIcJAidchNlgodSO52_ktkvu-NuvrD23-3sABcVy79b3OdjI45D-666pzmItwOLt5O7QVdalN9wBiaOIHj1DBev9iE3Js-lbvvwudXajBSIjvQzFTy9ZkEJe4G8sxFPqB75HcckpsRwNm6HkE-flJqHNXxGuUuvfXhrjL3jsEuN0yjUMC4sQIPmqL8GhjiymbPw_n2Ruxv5CfDTpP5ogYeIZcC9xCEos.ssy7Cng9o1ow-qByw85zTNF9ajrOTi7jniJZRRn5DLQ&dib_tag=se&keywords=air+conditioner&qid=1790915453&sr=8-18,4.1,218.0,48990.0,68200.0
"Blue Star 1.5 Ton 3 Star,New Star Rated, Wi-Fi Smart Inverter Split AC (Copper, 5 in 1 Convertible Cooling, AI Pro+, DigiQ Hepta Sensor, Blue Fins,Turbo Cool,Blue Fins (IC318ZXUS, White)",appliances,Air Conditioners,https://m.media-amazon.com/images/I/51OQNTWDPVL._AC_UY218_.jpg,https://www.amazon.in/Blue-Star-Inverter-Convertible-IC318ZXUS/dp/B0H8DHFS39/ref=sr_1_19?dib=eyJ2IjoiMSJ9.lwmTmZr1dotYIcJAidchNlgodSO52_ktkvu-NuvrD23-3sABcVy79b3OdjI45D-666pzmItwOLt5O7QVdalN9wBiaOIHj1DBev9iE3Js-lbvvwudXajBSIjvQzFTy9ZkEJe4G8sxFPqB75HcckpsRwNm6HkE-flJqHNXxGuUuvfXhrjL3jsEuN0yjUMC4sQIPmqL8GhjiymbPw_n2Ruxv5CfDTpP5ogYeIZcC9xCEos.ssy7Cng9o1ow-qByw85zTNF9ajrOTi7jniJZRRn5DLQ&dib_tag=se&keywords=air+conditioner&qid=1790915453&sr=8-19,4.7,14.0,37490.0,18745.0
"Hitachi Smart Choice 1 Ton 3 Star, New Star rated, Inverter Split AC (Copper, 4 Way Swing, ice Clean, EEV Precision- Higher Performance Cooling, RAS.G312PCDIBS, White)",appliances,Air Conditioners,https://m.media-amazon.com/images/I/51k1TueixlL._AC_UY218_.jpg,https://www.amazon.in/Hitachi-Inverter-Precision-Performance-RAS-G312PCDIBS/dp/B0GP6YCT2Z/ref=sr_1_20?dib=eyJ2IjoiMSJ9.lwmTmZr1dotYIcJAidchNlgodSO52_ktkvu-NuvrD23-3sABcVy79b3OdjI45D-666pzmItwOLt5O7QVdalN9wBiaOIHj1DBev9iE3Js-lbvvwudXajBSIjvQzFTy9ZkEJe4G8sxFPqB75HcckpsRwNm6HkE-flJqHNXxGuUuvfXhrjL3jsEuN0yjUMC4sQIPmqL8GhjiymbPw_n2Ruxv5CfDTpP5ogYeIZcC9xCEos.ssy7Cng9o1ow-qByw85zTNF9ajrOTi7jniJZRRn5DLQ&dib_tag=se&keywords=air+conditioner&qid=1790915453&sr=8-20,4.1,219.0,31500.0,35740.0
"Cruise 1 Ton 3 Star VarioQool Inverter Split AC (2026, CWCVBM-VQ1D123)",appliances,Air Conditioners,https://m.media-amazon.com/images/I/71yU7OiqAYL._AC_UY218_.jpg,https://www.amazon.in/Cruise-VarioQool-Split-Model-CWCVBM-VQ1D123/dp/B0GN37XP19/ref=sr_1_21?dib=eyJ2IjoiMSJ9.lwmTmZr1dotYIcJAidchNlgodSO52_ktkvu-NuvrD23-3sABcVy79b3OdjI45D-666pzmItwOLt5O7QVdalN9wBiaOIHj1DBev9iE3Js-lbvvwudXajBSIjvQzFTy9ZkEJe4G8sxFPqB75HcckpsRwNm6HkE-flJqHNXxGuUuvfXhrjL3jsEuN0yjUMC4sQIPmqL8GhjiymbPw_n2Ruxv5CfDTpP5ogYeIZcC9xCEos.ssy7Cng9o1ow-qByw85zTNF9ajrOTi7jniJZRRn5DLQ&dib_tag=se&keywords=air+conditioner&qid=1790915453&sr=8-21,4.2,298.0,26990.0,43900.0
"Carrier 1.5 Ton 3 Star Wi-Fi Smart Flexicool Inverter Split AC (Copper, Convertible 6-in-1 with Wi-Fi with Geo-Fencing, Smart Energy Display, 2026 Model, ESTER EDGE Gxi WiFi-CAI18EE3R36W1, White)",appliances,Air Conditioners,https://m.media-amazon.com/images/I/51DPlbHiP-L._AC_UY218_.jpg,https://www.amazon.in/Carrier-Flexicool-Convertible-Geo-Fencing-WiFi-CAI18EE3R36W1/dp/B0GZ3DBWTP/ref=sr_1_22?dib=eyJ2IjoiMSJ9.lwmTmZr1dotYIcJAidchNlgodSO52_ktkvu-NuvrD23-3sABcVy79b3OdjI45D-666pzmItwOLt5O7QVdalN9wBiaOIHj1DBev9iE3Js-lbvvwudXajBSIjvQzFTy9ZkEJe4G8sxFPqB75HcckpsRwNm6HkE-flJqHNXxGuUuvfXhrjL3jsEuN0yjUMC4sQIPmqL8GhjiymbPw_n2Ruxv5CfDTpP5ogYeIZcC9xCEos.ssy7Cng9o1ow-qByw85zTNF9ajrOTi7jniJZRRn5DLQ&dib_tag=se&keywords=air+conditioner&qid=1790915453&sr=8-22,4.1,216.0,,
"Voltas 1.5 Ton 5 Star Inverter Split AC (Copper, 4-in-1 Adjustable Mode, Sleep Mode, Anti-dust Filter with Anti-Microbial Coating, ‎185V Vectra CAR, White)",appliances,Air Conditioners,https://m.media-amazon.com/images/I/51-ccH3aq1L._AC_UY218_.jpg,https://www.amazon.in/Voltas-Inverter-Copper-Adjustable-Anti-dust/dp/B0CWVDN3HZ/ref=sr_1_23?dib=eyJ2IjoiMSJ9.lwmTmZr1dotYIcJAidchNlgodSO52_ktkvu-NuvrD23-3sABcVy79b3OdjI45D-666pzmItwOLt5O7QVdalN9wBiaOIHj1DBev9iE3Js-lbvvwudXajBSIjvQzFTy9ZkEJe4G8sxFPqB75HcckpsRwNm6HkE-flJqHNXxGuUuvfXhrjL3jsEuN0yjUMC4sQIPmqL8GhjiymbPw_n2Ruxv5CfDTpP5ogYeIZcC9xCEos.ssy7Cng9o1ow-qByw85zTNF9ajrOTi7jniJZRRn5DLQ&dib_tag=se&keywords=air+conditioner&qid=1790915453&sr=8-23,3.7,1000.0,37990.0,69990.0
"Daikin 1.5 Ton 3 Star, New Star rated, Inverter Split AC (Copper, PM2.5 Filter, MTKL50XV16, White)",appliances,Air Conditioners,https://m.media-amazon.com/images/I/61aNUgUz6EL._AC_UY218_.jpg,https://www.amazon.in/Daikin-Inverter-Copper-Filter-MTKL50XV16/dp/B0GRV2DWP3/ref=sr_1_24?dib=eyJ2IjoiMSJ9.lwmTmZr1dotYIcJAidchNlgodSO52_ktkvu-NuvrD23-3sABcVy79b3OdjI45D-666pzmItwOLt5O7QVdalN9wBiaOIHj1DBev9iE3Js-lbvvwudXajBSIjvQzFTy9ZkEJe4G8sxFPqB75HcckpsRwNm6HkE-flJqHNXxGuUuvfXhrjL3jsEuN0yjUMC4sQIPmqL8GhjiymbPw_n2Ruxv5CfDTpP5ogYeIZcC9xCEos.ssy7Cng9o1ow-qByw85zTNF9ajrOTi7jniJZRRn5DLQ&dib_tag=se&keywords=air+conditioner&qid=1790915453&sr=8-24,3.9,890.0,37490.0,18745.0
"LG 5800W Max Cooling Capacity, 5 Star, 100% Copper Tubes, 1.42 Ton Inverter Split AC (AI Convertible 6in1, Energy Saving & Faster Cooling at 55℃, 4 Way Swing, Allergen Protection, AS-Q19YNZE2, White)",appliances,Air Conditioners,https://m.media-amazon.com/images/I/61Swj3W92vL._AC_UY218_.jpg,https://www.amazon.in/LG-Capacity-Convertible-Protection-AS-Q19YNZE2/dp/B0H4H59Q78/ref=sr_1_25?dib=eyJ2IjoiMSJ9.lwmTmZr1dotYIcJAidchNlgodSO52_ktkvu-NuvrD23-3sABcVy79b3OdjI45D-666pzmItwOLt5O7QVdalN9wBiaOIHj1DBev9iE3Js-lbvvwudXajBSIjvQzFTy9ZkEJe4G8sxFPqB75HcckpsRwNm6HkE-flJqHNXxGuUuvfXhrjL3jsEuN0yjUMC4sQIPmqL8GhjiymbPw_n2Ruxv5CfDTpP5ogYeIZcC9xCEos.ssy7Cng9o1ow-qByw85zTNF9ajrOTi7jniJZRRn5DLQ&dib_tag=se&keywords=air+conditioner&qid=1790915453&sr=8-25,4.0,879.0,48490.0,90790.0
"Samsung 1.5 Ton 4 Star Bespoke AI WindFree Inverter Smart Split AC (2026 Model, WiFi, Energy Saving, Voice Control, Powerful Cooling, Digital Inverter, 4 Way swing, 5 Step Convertible, AR60H19D1AWNNA)",appliances,Air Conditioners,https://m.media-amazon.com/images/I/71GUUZ+1voL._AC_UY218_.jpg,https://www.amazon.in/Samsung-WindFree-Inverter-Convertible-AR60H19D1AWNNA/dp/B0GD16BJ1Z/ref=sr_1_26?dib=eyJ2IjoiMSJ9.lwmTmZr1dotYIcJAidchNlgodSO52_ktkvu-NuvrD23-3sABcVy79b3OdjI45D-666pzmItwOLt5O7QVdalN9wBiaOIHj1DBev9iE3Js-lbvvwudXajBSIjvQzFTy9ZkEJe4G8sxFPqB75HcckpsRwNm6HkE-flJqHNXxGuUuvfXhrjL3jsEuN0yjUMC4sQIPmqL8GhjiymbPw_n2Ruxv5CfDTpP5ogYeIZcC9xCEos.ssy7Cng9o1ow-qByw85zTNF9ajrOTi7jniJZRRn5DLQ&dib_tag=se&keywords=air+conditioner&qid=1790915453&sr=8-26,4.5,33.0,42490.0,86990.0
"IFB 1.5 Ton 3 Star, New star rated,AI Powered Inverter Split AC,Inbuilt WiFi, Hybrid Mode, 8-in-1 Flexi Mode, Heavy Duty Compressor, Long Air Throw, Self Clean, 100% Copper,CI183SS22SGM3, White",appliances,Air Conditioners,https://m.media-amazon.com/images/I/51pgBR8RCEL._AC_UY218_.jpg,https://www.amazon.in/IFB-Powered-Inverter-Compressor-CI183SS22SGM3/dp/B0GVJ3WB54/ref=sr_1_27?dib=eyJ2IjoiMSJ9.lwmTmZr1dotYIcJAidchNlgodSO52_ktkvu-NuvrD23-3sABcVy79b3OdjI45D-666pzmItwOLt5O7QVdalN9wBiaOIHj1DBev9iE3Js-lbvvwudXajBSIjvQzFTy9ZkEJe4G8sxFPqB75HcckpsRwNm6HkE-flJqHNXxGuUuvfXhrjL3jsEuN0yjUMC4sQIPmqL8GhjiymbPw_n2Ruxv5CfDTpP5ogYeIZcC9xCEos.ssy7Cng9o1ow-qByw85zTNF9ajrOTi7jniJZRRn5DLQ&dib_tag=se&keywords=air+conditioner&qid=1790915453&sr=8-27,4.2,124.0,36490.0,61490.0
"Hitachi Smart Choice 1.5 Ton 5 Star, New Star rated, Inverter Split AC (Copper, Smart View Display, 4 Way Swing, ice Clean, Anti-bacterial Filter,RAS.V518PCDIBT, White)",appliances,Air Conditioners,https://m.media-amazon.com/images/I/51ryyW4zORL._AC_UY218_.jpg,https://www.amazon.in/Hitachi-Inverter-Display-Anti-bacterial-RAS-V518PCDIBT/dp/B0GP6VJMVD/ref=sr_1_28?dib=eyJ2IjoiMSJ9.lwmTmZr1dotYIcJAidchNlgodSO52_ktkvu-NuvrD23-3sABcVy79b3OdjI45D-666pzmItwOLt5O7QVdalN9wBiaOIHj1DBev9iE3Js-lbvvwudXajBSIjvQzFTy9ZkEJe4G8sxFPqB75HcckpsRwNm6HkE-flJqHNXxGuUuvfXhrjL3jsEuN0yjUMC4sQIPmqL8GhjiymbPw_n2Ruxv5CfDTpP5ogYeIZcC9xCEos.ssy7Cng9o1ow-qByw85zTNF9ajrOTi7jniJZRRn5DLQ&dib_tag=se&keywords=air+conditioner&qid=1790915453&sr=8-28,4.1,260.0,44999.0,77990.0
"Blue Star 1 Ton 3 Star,New Star rated,Inverter Split AC (Copper, Convertible 5 in 1 Cooling, DigiQ Hepta Sensor,Blue Fins, Self Diagnosis, IA312ZXU, White)",appliances,Air Conditioners,https://m.media-amazon.com/images/I/51D5ducmn2L._AC_UY218_.jpg,https://www.amazon.in/Blue-Star-Convertible-Diagnosis-IA312ZXU/dp/B0GG726FTW/ref=sr_1_29?dib=eyJ2IjoiMSJ9.lwmTmZr1dotYIcJAidchNlgodSO52_ktkvu-NuvrD23-3sABcVy79b3OdjI45D-666pzmItwOLt5O7QVdalN9wBiaOIHj1DBev9iE3Js-lbvvwudXajBSIjvQzFTy9ZkEJe4G8sxFPqB75HcckpsRwNm6HkE-flJqHNXxGuUuvfXhrjL3jsEuN0yjUMC4sQIPmqL8GhjiymbPw_n2Ruxv5CfDTpP5ogYeIZcC9xCEos.ssy7Cng9o1ow-qByw85zTNF9ajrOTi7jniJZRRn5DLQ&dib_tag=se&keywords=air+conditioner&qid=1790915453&sr=8-29,4.5,178.0,32490.0,49000.0
"Panasonic 1.5 Ton 3 Star Premium Wi-Fi Inverter Smart Split AC (Matter/MirAIe, AI, DustBuster, 55°C Oper., Copper Condenser, 8in1 Convertible, 2-Way, PM0.1 Filter, CS/CU-SU18BKY3W, 2026 Model, White)",appliances,Air Conditioners,https://m.media-amazon.com/images/I/61Pca7f3SfL._AC_UY218_.jpg,https://www.amazon.in/Panasonic-DustBuster-Convertible-CS-CU-SU18BKY3W/dp/B0GHQVNMKQ/ref=sr_1_30?dib=eyJ2IjoiMSJ9.lwmTmZr1dotYIcJAidchNlgodSO52_ktkvu-NuvrD23-3sABcVy79b3OdjI45D-666pzmItwOLt5O7QVdalN9wBiaOIHj1DBev9iE3Js-lbvvwudXajBSIjvQzFTy9ZkEJe4G8sxFPqB75HcckpsRwNm6HkE-flJqHNXxGuUuvfXhrjL3jsEuN0yjUMC4sQIPmqL8GhjiymbPw_n2Ruxv5CfDTpP5ogYeIZcC9xCEos.ssy7Cng9o1ow-qByw85zTNF9ajrOTi7jniJZRRn5DLQ&dib_tag=se&keywords=air+conditioner&qid=1790915453&sr=8-30,3.9,773.0,38990.0,54000.0
"Blue Star 2 Ton 3 Star, New Star Rated, Inverter Split AC (Copper,4-Way Swing, DigiQ Hepta Sensor, Blue Fins,Turbo Cool, Self Clean Technology (IA322DXU, White)",appliances,Air Conditioners,https://m.media-amazon.com/images/I/514FacpwCvL._AC_UY218_.jpg,https://www.amazon.in/Blue-Star-Inverter-Technology-IA322DXU/dp/B0GS286N2M/ref=sr_1_31?dib=eyJ2IjoiMSJ9.lwmTmZr1dotYIcJAidchNlgodSO52_ktkvu-NuvrD23-3sABcVy79b3OdjI45D-666pzmItwOLt5O7QVdalN9wBiaOIHj1DBev9iE3Js-lbvvwudXajBSIjvQzFTy9ZkEJe4G8sxFPqB75HcckpsRwNm6HkE-flJqHNXxGuUuvfXhrjL3jsEuN0yjUMC4sQIPmqL8GhjiymbPw_n2Ruxv5CfDTpP5ogYeIZcC9xCEos.ssy7Cng9o1ow-qByw85zTNF9ajrOTi7jniJZRRn5DLQ&dib_tag=se&keywords=air+conditioner&qid=1790915453&sr=8-31,4.6,64.0,49804.0,24902.0
"Samsung 1.5 Ton 3 Star,New Star rated, Bespoke AI Inverter Smart Split AC (WiFi, Energy Saving,Voice Control,Powerful Cooling,Copper, Digital Inverter, 4 Way swing, White, AR50H18D13HNNA)",appliances,Air Conditioners,https://m.media-amazon.com/images/I/61-kuokjN1L._AC_UY218_.jpg,https://www.amazon.in/Samsung-Bespoke-Inverter-Powerful-AR50H18D13HNNA/dp/B0G9SR834W/ref=sr_1_32?dib=eyJ2IjoiMSJ9.lwmTmZr1dotYIcJAidchNlgodSO52_ktkvu-NuvrD23-3sABcVy79b3OdjI45D-666pzmItwOLt5O7QVdalN9wBiaOIHj1DBev9iE3Js-lbvvwudXajBSIjvQzFTy9ZkEJe4G8sxFPqB75HcckpsRwNm6HkE-flJqHNXxGuUuvfXhrjL3jsEuN0yjUMC4sQIPmqL8GhjiymbPw_n2Ruxv5CfDTpP5ogYeIZcC9xCEos.ssy7Cng9o1ow-qByw85zTNF9ajrOTi7jniJZRRn5DLQ&dib_tag=se&keywords=air+conditioner&qid=1790915453&sr=8-32,4.0,273.0,37490.0,78990.0
